st_id,pr_sku_id,date
1aa057313c28fa4a40c5bc084b11d276,fd064933250b0bfe4f926b867b0a5ec8,2023-10-05
1aa057313c28fa4a40c5bc084b11d276,fd064933250b0bfe4f926b867b0a5ec8,2023-10-06
1aa057313c28fa4a40c5bc084b11d276,fd064933250b0bfe4f926b867b0a5ec8,2023-10-07
1aa057313c28fa4a40c5bc084b11d276,fd064933250b0bfe4f926b867b0a5ec8,2023-10-08
1aa057313c28fa4a40c5bc084b11d276,fd064933250b0bfe4f926b867b0a5ec8,2023-10-09
1aa057313c28fa4a40c5bc084b11d276,fd064933250b0bfe4f926b867b0a5ec8,2023-10-10
1aa057313c28fa4a40c5bc084b11d276,fd064933250b0bfe4f926b867b0a5ec8,2023-10-11
1aa057313c28fa4a40c5bc084b11d276,fd064933250b0bfe4f926b867b0a5ec8,2023-10-12
1aa057313c28fa4a40c5bc084b11d276,fd064933250b0bfe4f926b867b0a5ec8,2023-10-13
1aa057313c28fa4a40c5bc084b11d276,fd064933250b0bfe4f926b867b0a5ec8,2023-10-14
1aa057313c28fa4a40c5bc084b11d276,fd064933250b0bfe4f926b867b0a5ec8,2023-10-15
1aa057313c28fa4a40c5bc084b11d276,fd064933250b0bfe4f926b867b0a5ec8,2023-10-16
1aa057313c28fa4a40c5bc084b11d276,fd064933250b0bfe4f926b867b0a5ec8,2023-10-17
1aa057313c28fa4a40c5bc084b11d276,fd064933250b0bfe4f926b867b0a5ec8,2023-10-18
1aa057313c28fa4a40c5bc084b11d276,71c9661741caf40a92a32d1cc8206c04,2023-10-05
1aa057313c28fa4a40c5bc084b11d276,71c9661741caf40a92a32d1cc8206c04,2023-10-06
1aa057313c28fa4a40c5bc084b11d276,71c9661741caf40a92a32d1cc8206c04,2023-10-07
1aa057313c28fa4a40c5bc084b11d276,71c9661741caf40a92a32d1cc8206c04,2023-10-08
1aa057313c28fa4a40c5bc084b11d276,71c9661741caf40a92a32d1cc8206c04,2023-10-09
1aa057313c28fa4a40c5bc084b11d276,71c9661741caf40a92a32d1cc8206c04,2023-10-10
1aa057313c28fa4a40c5bc084b11d276,71c9661741caf40a92a32d1cc8206c04,2023-10-11
1aa057313c28fa4a40c5bc084b11d276,71c9661741caf40a92a32d1cc8206c04,2023-10-12
1aa057313c28fa4a40c5bc084b11d276,71c9661741caf40a92a32d1cc8206c04,2023-10-13
1aa057313c28fa4a40c5bc084b11d276,71c9661741caf40a92a32d1cc8206c04,2023-10-14
1aa057313c28fa4a40c5bc084b11d276,71c9661741caf40a92a32d1cc8206c04,2023-10-15
1aa057313c28fa4a40c5bc084b11d276,71c9661741caf40a92a32d1cc8206c04,2023-10-16
1aa057313c28fa4a40c5bc084b11d276,71c9661741caf40a92a32d1cc8206c04,2023-10-17
1aa057313c28fa4a40c5bc084b11d276,71c9661741caf40a92a32d1cc8206c04,2023-10-18
1aa057313c28fa4a40c5bc084b11d276,00b72c2f01a1512cbb1d3f33319bac93,2023-10-05
1aa057313c28fa4a40c5bc084b11d276,00b72c2f01a1512cbb1d3f33319bac93,2023-10-06
1aa057313c28fa4a40c5bc084b11d276,00b72c2f01a1512cbb1d3f33319bac93,2023-10-07
1aa057313c28fa4a40c5bc084b11d276,00b72c2f01a1512cbb1d3f33319bac93,2023-10-08
1aa057313c28fa4a40c5bc084b11d276,00b72c2f01a1512cbb1d3f33319bac93,2023-10-09
1aa057313c28fa4a40c5bc084b11d276,00b72c2f01a1512cbb1d3f33319bac93,2023-10-10
1aa057313c28fa4a40c5bc084b11d276,00b72c2f01a1512cbb1d3f33319bac93,2023-10-11
1aa057313c28fa4a40c5bc084b11d276,00b72c2f01a1512cbb1d3f33319bac93,2023-10-12
1aa057313c28fa4a40c5bc084b11d276,00b72c2f01a1512cbb1d3f33319bac93,2023-10-13
1aa057313c28fa4a40c5bc084b11d276,00b72c2f01a1512cbb1d3f33319bac93,2023-10-14
1aa057313c28fa4a40c5bc084b11d276,00b72c2f01a1512cbb1d3f33319bac93,2023-10-15
1aa057313c28fa4a40c5bc084b11d276,00b72c2f01a1512cbb1d3f33319bac93,2023-10-16
1aa057313c28fa4a40c5bc084b11d276,00b72c2f01a1512cbb1d3f33319bac93,2023-10-17
1aa057313c28fa4a40c5bc084b11d276,00b72c2f01a1512cbb1d3f33319bac93,2023-10-18
1aa057313c28fa4a40c5bc084b11d276,9bc40cd2fe4f188f402bb41548c5e15c,2023-10-05
1aa057313c28fa4a40c5bc084b11d276,9bc40cd2fe4f188f402bb41548c5e15c,2023-10-06
1aa057313c28fa4a40c5bc084b11d276,9bc40cd2fe4f188f402bb41548c5e15c,2023-10-07
1aa057313c28fa4a40c5bc084b11d276,9bc40cd2fe4f188f402bb41548c5e15c,2023-10-08
1aa057313c28fa4a40c5bc084b11d276,9bc40cd2fe4f188f402bb41548c5e15c,2023-10-09
1aa057313c28fa4a40c5bc084b11d276,9bc40cd2fe4f188f402bb41548c5e15c,2023-10-10
1aa057313c28fa4a40c5bc084b11d276,9bc40cd2fe4f188f402bb41548c5e15c,2023-10-11
1aa057313c28fa4a40c5bc084b11d276,9bc40cd2fe4f188f402bb41548c5e15c,2023-10-12
1aa057313c28fa4a40c5bc084b11d276,9bc40cd2fe4f188f402bb41548c5e15c,2023-10-13
1aa057313c28fa4a40c5bc084b11d276,9bc40cd2fe4f188f402bb41548c5e15c,2023-10-14
1aa057313c28fa4a40c5bc084b11d276,9bc40cd2fe4f188f402bb41548c5e15c,2023-10-15
1aa057313c28fa4a40c5bc084b11d276,9bc40cd2fe4f188f402bb41548c5e15c,2023-10-16
1aa057313c28fa4a40c5bc084b11d276,9bc40cd2fe4f188f402bb41548c5e15c,2023-10-17
1aa057313c28fa4a40c5bc084b11d276,9bc40cd2fe4f188f402bb41548c5e15c,2023-10-18
1aa057313c28fa4a40c5bc084b11d276,3a74a370c8eb032acb11ad9119242b8f,2023-10-05
1aa057313c28fa4a40c5bc084b11d276,3a74a370c8eb032acb11ad9119242b8f,2023-10-06
1aa057313c28fa4a40c5bc084b11d276,3a74a370c8eb032acb11ad9119242b8f,2023-10-07
1aa057313c28fa4a40c5bc084b11d276,3a74a370c8eb032acb11ad9119242b8f,2023-10-08
1aa057313c28fa4a40c5bc084b11d276,3a74a370c8eb032acb11ad9119242b8f,2023-10-09
1aa057313c28fa4a40c5bc084b11d276,3a74a370c8eb032acb11ad9119242b8f,2023-10-10
1aa057313c28fa4a40c5bc084b11d276,3a74a370c8eb032acb11ad9119242b8f,2023-10-11
1aa057313c28fa4a40c5bc084b11d276,3a74a370c8eb032acb11ad9119242b8f,2023-10-12
1aa057313c28fa4a40c5bc084b11d276,3a74a370c8eb032acb11ad9119242b8f,2023-10-13
1aa057313c28fa4a40c5bc084b11d276,3a74a370c8eb032acb11ad9119242b8f,2023-10-14
1aa057313c28fa4a40c5bc084b11d276,3a74a370c8eb032acb11ad9119242b8f,2023-10-15
1aa057313c28fa4a40c5bc084b11d276,3a74a370c8eb032acb11ad9119242b8f,2023-10-16
1aa057313c28fa4a40c5bc084b11d276,3a74a370c8eb032acb11ad9119242b8f,2023-10-17
1aa057313c28fa4a40c5bc084b11d276,3a74a370c8eb032acb11ad9119242b8f,2023-10-18
1aa057313c28fa4a40c5bc084b11d276,382fcb7b0b5750896a5bef348f19bddc,2023-10-05
1aa057313c28fa4a40c5bc084b11d276,382fcb7b0b5750896a5bef348f19bddc,2023-10-06
1aa057313c28fa4a40c5bc084b11d276,382fcb7b0b5750896a5bef348f19bddc,2023-10-07
1aa057313c28fa4a40c5bc084b11d276,382fcb7b0b5750896a5bef348f19bddc,2023-10-08
1aa057313c28fa4a40c5bc084b11d276,382fcb7b0b5750896a5bef348f19bddc,2023-10-09
1aa057313c28fa4a40c5bc084b11d276,382fcb7b0b5750896a5bef348f19bddc,2023-10-10
1aa057313c28fa4a40c5bc084b11d276,382fcb7b0b5750896a5bef348f19bddc,2023-10-11
1aa057313c28fa4a40c5bc084b11d276,382fcb7b0b5750896a5bef348f19bddc,2023-10-12
1aa057313c28fa4a40c5bc084b11d276,382fcb7b0b5750896a5bef348f19bddc,2023-10-13
1aa057313c28fa4a40c5bc084b11d276,382fcb7b0b5750896a5bef348f19bddc,2023-10-14
1aa057313c28fa4a40c5bc084b11d276,382fcb7b0b5750896a5bef348f19bddc,2023-10-15
1aa057313c28fa4a40c5bc084b11d276,382fcb7b0b5750896a5bef348f19bddc,2023-10-16
1aa057313c28fa4a40c5bc084b11d276,382fcb7b0b5750896a5bef348f19bddc,2023-10-17
1aa057313c28fa4a40c5bc084b11d276,382fcb7b0b5750896a5bef348f19bddc,2023-10-18
1aa057313c28fa4a40c5bc084b11d276,cff633e270708ced01bc585eb1421667,2023-10-05
1aa057313c28fa4a40c5bc084b11d276,cff633e270708ced01bc585eb1421667,2023-10-06
1aa057313c28fa4a40c5bc084b11d276,cff633e270708ced01bc585eb1421667,2023-10-07
1aa057313c28fa4a40c5bc084b11d276,cff633e270708ced01bc585eb1421667,2023-10-08
1aa057313c28fa4a40c5bc084b11d276,cff633e270708ced01bc585eb1421667,2023-10-09
1aa057313c28fa4a40c5bc084b11d276,cff633e270708ced01bc585eb1421667,2023-10-10
1aa057313c28fa4a40c5bc084b11d276,cff633e270708ced01bc585eb1421667,2023-10-11
1aa057313c28fa4a40c5bc084b11d276,cff633e270708ced01bc585eb1421667,2023-10-12
1aa057313c28fa4a40c5bc084b11d276,cff633e270708ced01bc585eb1421667,2023-10-13
1aa057313c28fa4a40c5bc084b11d276,cff633e270708ced01bc585eb1421667,2023-10-14
1aa057313c28fa4a40c5bc084b11d276,cff633e270708ced01bc585eb1421667,2023-10-15
1aa057313c28fa4a40c5bc084b11d276,cff633e270708ced01bc585eb1421667,2023-10-16
1aa057313c28fa4a40c5bc084b11d276,cff633e270708ced01bc585eb1421667,2023-10-17
1aa057313c28fa4a40c5bc084b11d276,cff633e270708ced01bc585eb1421667,2023-10-18
1aa057313c28fa4a40c5bc084b11d276,1cfd4c9cd7289a63dc2492f2b0200868,2023-10-05
1aa057313c28fa4a40c5bc084b11d276,1cfd4c9cd7289a63dc2492f2b0200868,2023-10-06
1aa057313c28fa4a40c5bc084b11d276,1cfd4c9cd7289a63dc2492f2b0200868,2023-10-07
1aa057313c28fa4a40c5bc084b11d276,1cfd4c9cd7289a63dc2492f2b0200868,2023-10-08
1aa057313c28fa4a40c5bc084b11d276,1cfd4c9cd7289a63dc2492f2b0200868,2023-10-09
1aa057313c28fa4a40c5bc084b11d276,1cfd4c9cd7289a63dc2492f2b0200868,2023-10-10
1aa057313c28fa4a40c5bc084b11d276,1cfd4c9cd7289a63dc2492f2b0200868,2023-10-11
1aa057313c28fa4a40c5bc084b11d276,1cfd4c9cd7289a63dc2492f2b0200868,2023-10-12
1aa057313c28fa4a40c5bc084b11d276,1cfd4c9cd7289a63dc2492f2b0200868,2023-10-13
1aa057313c28fa4a40c5bc084b11d276,1cfd4c9cd7289a63dc2492f2b0200868,2023-10-14
1aa057313c28fa4a40c5bc084b11d276,1cfd4c9cd7289a63dc2492f2b0200868,2023-10-15
1aa057313c28fa4a40c5bc084b11d276,1cfd4c9cd7289a63dc2492f2b0200868,2023-10-16
1aa057313c28fa4a40c5bc084b11d276,1cfd4c9cd7289a63dc2492f2b0200868,2023-10-17
1aa057313c28fa4a40c5bc084b11d276,1cfd4c9cd7289a63dc2492f2b0200868,2023-10-18
1aa057313c28fa4a40c5bc084b11d276,c7e043e0f743476582f79ba27ba3c51f,2023-10-05
1aa057313c28fa4a40c5bc084b11d276,c7e043e0f743476582f79ba27ba3c51f,2023-10-06
1aa057313c28fa4a40c5bc084b11d276,c7e043e0f743476582f79ba27ba3c51f,2023-10-07
1aa057313c28fa4a40c5bc084b11d276,c7e043e0f743476582f79ba27ba3c51f,2023-10-08
1aa057313c28fa4a40c5bc084b11d276,c7e043e0f743476582f79ba27ba3c51f,2023-10-09
1aa057313c28fa4a40c5bc084b11d276,c7e043e0f743476582f79ba27ba3c51f,2023-10-10
1aa057313c28fa4a40c5bc084b11d276,c7e043e0f743476582f79ba27ba3c51f,2023-10-11
1aa057313c28fa4a40c5bc084b11d276,c7e043e0f743476582f79ba27ba3c51f,2023-10-12
1aa057313c28fa4a40c5bc084b11d276,c7e043e0f743476582f79ba27ba3c51f,2023-10-13
1aa057313c28fa4a40c5bc084b11d276,c7e043e0f743476582f79ba27ba3c51f,2023-10-14
1aa057313c28fa4a40c5bc084b11d276,c7e043e0f743476582f79ba27ba3c51f,2023-10-15
1aa057313c28fa4a40c5bc084b11d276,c7e043e0f743476582f79ba27ba3c51f,2023-10-16
1aa057313c28fa4a40c5bc084b11d276,c7e043e0f743476582f79ba27ba3c51f,2023-10-17
1aa057313c28fa4a40c5bc084b11d276,c7e043e0f743476582f79ba27ba3c51f,2023-10-18
1aa057313c28fa4a40c5bc084b11d276,f9ee6d53edebe412feb1118b618900c8,2023-10-05
1aa057313c28fa4a40c5bc084b11d276,f9ee6d53edebe412feb1118b618900c8,2023-10-06
1aa057313c28fa4a40c5bc084b11d276,f9ee6d53edebe412feb1118b618900c8,2023-10-07
1aa057313c28fa4a40c5bc084b11d276,f9ee6d53edebe412feb1118b618900c8,2023-10-08
1aa057313c28fa4a40c5bc084b11d276,f9ee6d53edebe412feb1118b618900c8,2023-10-09
1aa057313c28fa4a40c5bc084b11d276,f9ee6d53edebe412feb1118b618900c8,2023-10-10
1aa057313c28fa4a40c5bc084b11d276,f9ee6d53edebe412feb1118b618900c8,2023-10-11
1aa057313c28fa4a40c5bc084b11d276,f9ee6d53edebe412feb1118b618900c8,2023-10-12
1aa057313c28fa4a40c5bc084b11d276,f9ee6d53edebe412feb1118b618900c8,2023-10-13
1aa057313c28fa4a40c5bc084b11d276,f9ee6d53edebe412feb1118b618900c8,2023-10-14
1aa057313c28fa4a40c5bc084b11d276,f9ee6d53edebe412feb1118b618900c8,2023-10-15
1aa057313c28fa4a40c5bc084b11d276,f9ee6d53edebe412feb1118b618900c8,2023-10-16
1aa057313c28fa4a40c5bc084b11d276,f9ee6d53edebe412feb1118b618900c8,2023-10-17
1aa057313c28fa4a40c5bc084b11d276,f9ee6d53edebe412feb1118b618900c8,2023-10-18
1aa057313c28fa4a40c5bc084b11d276,e95b9bb287e5571345c0e94f3118d667,2023-10-05
1aa057313c28fa4a40c5bc084b11d276,e95b9bb287e5571345c0e94f3118d667,2023-10-06
1aa057313c28fa4a40c5bc084b11d276,e95b9bb287e5571345c0e94f3118d667,2023-10-07
1aa057313c28fa4a40c5bc084b11d276,e95b9bb287e5571345c0e94f3118d667,2023-10-08
1aa057313c28fa4a40c5bc084b11d276,e95b9bb287e5571345c0e94f3118d667,2023-10-09
1aa057313c28fa4a40c5bc084b11d276,e95b9bb287e5571345c0e94f3118d667,2023-10-10
1aa057313c28fa4a40c5bc084b11d276,e95b9bb287e5571345c0e94f3118d667,2023-10-11
1aa057313c28fa4a40c5bc084b11d276,e95b9bb287e5571345c0e94f3118d667,2023-10-12
1aa057313c28fa4a40c5bc084b11d276,e95b9bb287e5571345c0e94f3118d667,2023-10-13
1aa057313c28fa4a40c5bc084b11d276,e95b9bb287e5571345c0e94f3118d667,2023-10-14
1aa057313c28fa4a40c5bc084b11d276,e95b9bb287e5571345c0e94f3118d667,2023-10-15
1aa057313c28fa4a40c5bc084b11d276,e95b9bb287e5571345c0e94f3118d667,2023-10-16
1aa057313c28fa4a40c5bc084b11d276,e95b9bb287e5571345c0e94f3118d667,2023-10-17
1aa057313c28fa4a40c5bc084b11d276,e95b9bb287e5571345c0e94f3118d667,2023-10-18
1aa057313c28fa4a40c5bc084b11d276,530b5dc58f1ad1eebf282a89c432c006,2023-10-05
1aa057313c28fa4a40c5bc084b11d276,530b5dc58f1ad1eebf282a89c432c006,2023-10-06
1aa057313c28fa4a40c5bc084b11d276,530b5dc58f1ad1eebf282a89c432c006,2023-10-07
1aa057313c28fa4a40c5bc084b11d276,530b5dc58f1ad1eebf282a89c432c006,2023-10-08
1aa057313c28fa4a40c5bc084b11d276,530b5dc58f1ad1eebf282a89c432c006,2023-10-09
1aa057313c28fa4a40c5bc084b11d276,530b5dc58f1ad1eebf282a89c432c006,2023-10-10
1aa057313c28fa4a40c5bc084b11d276,530b5dc58f1ad1eebf282a89c432c006,2023-10-11
1aa057313c28fa4a40c5bc084b11d276,530b5dc58f1ad1eebf282a89c432c006,2023-10-12
1aa057313c28fa4a40c5bc084b11d276,530b5dc58f1ad1eebf282a89c432c006,2023-10-13
1aa057313c28fa4a40c5bc084b11d276,530b5dc58f1ad1eebf282a89c432c006,2023-10-14
1aa057313c28fa4a40c5bc084b11d276,530b5dc58f1ad1eebf282a89c432c006,2023-10-15
1aa057313c28fa4a40c5bc084b11d276,530b5dc58f1ad1eebf282a89c432c006,2023-10-16
1aa057313c28fa4a40c5bc084b11d276,530b5dc58f1ad1eebf282a89c432c006,2023-10-17
1aa057313c28fa4a40c5bc084b11d276,530b5dc58f1ad1eebf282a89c432c006,2023-10-18
1aa057313c28fa4a40c5bc084b11d276,b1b40a982a979df37279ffced3bdfbcd,2023-10-05
1aa057313c28fa4a40c5bc084b11d276,b1b40a982a979df37279ffced3bdfbcd,2023-10-06
1aa057313c28fa4a40c5bc084b11d276,b1b40a982a979df37279ffced3bdfbcd,2023-10-07
1aa057313c28fa4a40c5bc084b11d276,b1b40a982a979df37279ffced3bdfbcd,2023-10-08
1aa057313c28fa4a40c5bc084b11d276,b1b40a982a979df37279ffced3bdfbcd,2023-10-09
1aa057313c28fa4a40c5bc084b11d276,b1b40a982a979df37279ffced3bdfbcd,2023-10-10
1aa057313c28fa4a40c5bc084b11d276,b1b40a982a979df37279ffced3bdfbcd,2023-10-11
1aa057313c28fa4a40c5bc084b11d276,b1b40a982a979df37279ffced3bdfbcd,2023-10-12
1aa057313c28fa4a40c5bc084b11d276,b1b40a982a979df37279ffced3bdfbcd,2023-10-13
1aa057313c28fa4a40c5bc084b11d276,b1b40a982a979df37279ffced3bdfbcd,2023-10-14
1aa057313c28fa4a40c5bc084b11d276,b1b40a982a979df37279ffced3bdfbcd,2023-10-15
1aa057313c28fa4a40c5bc084b11d276,b1b40a982a979df37279ffced3bdfbcd,2023-10-16
1aa057313c28fa4a40c5bc084b11d276,b1b40a982a979df37279ffced3bdfbcd,2023-10-17
1aa057313c28fa4a40c5bc084b11d276,b1b40a982a979df37279ffced3bdfbcd,2023-10-18
1aa057313c28fa4a40c5bc084b11d276,cf0c31c18f1ed7065e20442bc991df9e,2023-10-05
1aa057313c28fa4a40c5bc084b11d276,cf0c31c18f1ed7065e20442bc991df9e,2023-10-06
1aa057313c28fa4a40c5bc084b11d276,cf0c31c18f1ed7065e20442bc991df9e,2023-10-07
1aa057313c28fa4a40c5bc084b11d276,cf0c31c18f1ed7065e20442bc991df9e,2023-10-08
1aa057313c28fa4a40c5bc084b11d276,cf0c31c18f1ed7065e20442bc991df9e,2023-10-09
1aa057313c28fa4a40c5bc084b11d276,cf0c31c18f1ed7065e20442bc991df9e,2023-10-10
1aa057313c28fa4a40c5bc084b11d276,cf0c31c18f1ed7065e20442bc991df9e,2023-10-11
1aa057313c28fa4a40c5bc084b11d276,cf0c31c18f1ed7065e20442bc991df9e,2023-10-12
1aa057313c28fa4a40c5bc084b11d276,cf0c31c18f1ed7065e20442bc991df9e,2023-10-13
1aa057313c28fa4a40c5bc084b11d276,cf0c31c18f1ed7065e20442bc991df9e,2023-10-14
1aa057313c28fa4a40c5bc084b11d276,cf0c31c18f1ed7065e20442bc991df9e,2023-10-15
1aa057313c28fa4a40c5bc084b11d276,cf0c31c18f1ed7065e20442bc991df9e,2023-10-16
1aa057313c28fa4a40c5bc084b11d276,cf0c31c18f1ed7065e20442bc991df9e,2023-10-17
1aa057313c28fa4a40c5bc084b11d276,cf0c31c18f1ed7065e20442bc991df9e,2023-10-18
1aa057313c28fa4a40c5bc084b11d276,16ab7aae77adc64fd334205210c8164d,2023-10-05
1aa057313c28fa4a40c5bc084b11d276,16ab7aae77adc64fd334205210c8164d,2023-10-06
1aa057313c28fa4a40c5bc084b11d276,16ab7aae77adc64fd334205210c8164d,2023-10-07
1aa057313c28fa4a40c5bc084b11d276,16ab7aae77adc64fd334205210c8164d,2023-10-08
1aa057313c28fa4a40c5bc084b11d276,16ab7aae77adc64fd334205210c8164d,2023-10-09
1aa057313c28fa4a40c5bc084b11d276,16ab7aae77adc64fd334205210c8164d,2023-10-10
1aa057313c28fa4a40c5bc084b11d276,16ab7aae77adc64fd334205210c8164d,2023-10-11
1aa057313c28fa4a40c5bc084b11d276,16ab7aae77adc64fd334205210c8164d,2023-10-12
1aa057313c28fa4a40c5bc084b11d276,16ab7aae77adc64fd334205210c8164d,2023-10-13
1aa057313c28fa4a40c5bc084b11d276,16ab7aae77adc64fd334205210c8164d,2023-10-14
1aa057313c28fa4a40c5bc084b11d276,16ab7aae77adc64fd334205210c8164d,2023-10-15
1aa057313c28fa4a40c5bc084b11d276,16ab7aae77adc64fd334205210c8164d,2023-10-16
1aa057313c28fa4a40c5bc084b11d276,16ab7aae77adc64fd334205210c8164d,2023-10-17
1aa057313c28fa4a40c5bc084b11d276,16ab7aae77adc64fd334205210c8164d,2023-10-18
1aa057313c28fa4a40c5bc084b11d276,5b26f85ccb23039364226f66f0366c66,2023-10-05
1aa057313c28fa4a40c5bc084b11d276,5b26f85ccb23039364226f66f0366c66,2023-10-06
1aa057313c28fa4a40c5bc084b11d276,5b26f85ccb23039364226f66f0366c66,2023-10-07
1aa057313c28fa4a40c5bc084b11d276,5b26f85ccb23039364226f66f0366c66,2023-10-08
1aa057313c28fa4a40c5bc084b11d276,5b26f85ccb23039364226f66f0366c66,2023-10-09
1aa057313c28fa4a40c5bc084b11d276,5b26f85ccb23039364226f66f0366c66,2023-10-10
1aa057313c28fa4a40c5bc084b11d276,5b26f85ccb23039364226f66f0366c66,2023-10-11
1aa057313c28fa4a40c5bc084b11d276,5b26f85ccb23039364226f66f0366c66,2023-10-12
1aa057313c28fa4a40c5bc084b11d276,5b26f85ccb23039364226f66f0366c66,2023-10-13
1aa057313c28fa4a40c5bc084b11d276,5b26f85ccb23039364226f66f0366c66,2023-10-14
1aa057313c28fa4a40c5bc084b11d276,5b26f85ccb23039364226f66f0366c66,2023-10-15
1aa057313c28fa4a40c5bc084b11d276,5b26f85ccb23039364226f66f0366c66,2023-10-16
1aa057313c28fa4a40c5bc084b11d276,5b26f85ccb23039364226f66f0366c66,2023-10-17
1aa057313c28fa4a40c5bc084b11d276,5b26f85ccb23039364226f66f0366c66,2023-10-18
1aa057313c28fa4a40c5bc084b11d276,6b1344097385a42484abd4746371e416,2023-10-05
1aa057313c28fa4a40c5bc084b11d276,6b1344097385a42484abd4746371e416,2023-10-06
1aa057313c28fa4a40c5bc084b11d276,6b1344097385a42484abd4746371e416,2023-10-07
1aa057313c28fa4a40c5bc084b11d276,6b1344097385a42484abd4746371e416,2023-10-08
1aa057313c28fa4a40c5bc084b11d276,6b1344097385a42484abd4746371e416,2023-10-09
1aa057313c28fa4a40c5bc084b11d276,6b1344097385a42484abd4746371e416,2023-10-10
1aa057313c28fa4a40c5bc084b11d276,6b1344097385a42484abd4746371e416,2023-10-11
1aa057313c28fa4a40c5bc084b11d276,6b1344097385a42484abd4746371e416,2023-10-12
1aa057313c28fa4a40c5bc084b11d276,6b1344097385a42484abd4746371e416,2023-10-13
1aa057313c28fa4a40c5bc084b11d276,6b1344097385a42484abd4746371e416,2023-10-14
1aa057313c28fa4a40c5bc084b11d276,6b1344097385a42484abd4746371e416,2023-10-15
1aa057313c28fa4a40c5bc084b11d276,6b1344097385a42484abd4746371e416,2023-10-16
1aa057313c28fa4a40c5bc084b11d276,6b1344097385a42484abd4746371e416,2023-10-17
1aa057313c28fa4a40c5bc084b11d276,6b1344097385a42484abd4746371e416,2023-10-18
1aa057313c28fa4a40c5bc084b11d276,5aa2f6e00873f8c90b00cd15d670daa1,2023-10-05
1aa057313c28fa4a40c5bc084b11d276,5aa2f6e00873f8c90b00cd15d670daa1,2023-10-06
1aa057313c28fa4a40c5bc084b11d276,5aa2f6e00873f8c90b00cd15d670daa1,2023-10-07
1aa057313c28fa4a40c5bc084b11d276,5aa2f6e00873f8c90b00cd15d670daa1,2023-10-08
1aa057313c28fa4a40c5bc084b11d276,5aa2f6e00873f8c90b00cd15d670daa1,2023-10-09
1aa057313c28fa4a40c5bc084b11d276,5aa2f6e00873f8c90b00cd15d670daa1,2023-10-10
1aa057313c28fa4a40c5bc084b11d276,5aa2f6e00873f8c90b00cd15d670daa1,2023-10-11
1aa057313c28fa4a40c5bc084b11d276,5aa2f6e00873f8c90b00cd15d670daa1,2023-10-12
1aa057313c28fa4a40c5bc084b11d276,5aa2f6e00873f8c90b00cd15d670daa1,2023-10-13
1aa057313c28fa4a40c5bc084b11d276,5aa2f6e00873f8c90b00cd15d670daa1,2023-10-14
1aa057313c28fa4a40c5bc084b11d276,5aa2f6e00873f8c90b00cd15d670daa1,2023-10-15
1aa057313c28fa4a40c5bc084b11d276,5aa2f6e00873f8c90b00cd15d670daa1,2023-10-16
1aa057313c28fa4a40c5bc084b11d276,5aa2f6e00873f8c90b00cd15d670daa1,2023-10-17
1aa057313c28fa4a40c5bc084b11d276,5aa2f6e00873f8c90b00cd15d670daa1,2023-10-18
1aa057313c28fa4a40c5bc084b11d276,6d63950eefb7398e367cb03a3539dd49,2023-10-05
1aa057313c28fa4a40c5bc084b11d276,6d63950eefb7398e367cb03a3539dd49,2023-10-06
1aa057313c28fa4a40c5bc084b11d276,6d63950eefb7398e367cb03a3539dd49,2023-10-07
1aa057313c28fa4a40c5bc084b11d276,6d63950eefb7398e367cb03a3539dd49,2023-10-08
1aa057313c28fa4a40c5bc084b11d276,6d63950eefb7398e367cb03a3539dd49,2023-10-09
1aa057313c28fa4a40c5bc084b11d276,6d63950eefb7398e367cb03a3539dd49,2023-10-10
1aa057313c28fa4a40c5bc084b11d276,6d63950eefb7398e367cb03a3539dd49,2023-10-11
1aa057313c28fa4a40c5bc084b11d276,6d63950eefb7398e367cb03a3539dd49,2023-10-12
1aa057313c28fa4a40c5bc084b11d276,6d63950eefb7398e367cb03a3539dd49,2023-10-13
1aa057313c28fa4a40c5bc084b11d276,6d63950eefb7398e367cb03a3539dd49,2023-10-14
1aa057313c28fa4a40c5bc084b11d276,6d63950eefb7398e367cb03a3539dd49,2023-10-15
1aa057313c28fa4a40c5bc084b11d276,6d63950eefb7398e367cb03a3539dd49,2023-10-16
1aa057313c28fa4a40c5bc084b11d276,6d63950eefb7398e367cb03a3539dd49,2023-10-17
1aa057313c28fa4a40c5bc084b11d276,6d63950eefb7398e367cb03a3539dd49,2023-10-18
1aa057313c28fa4a40c5bc084b11d276,6e5d274636cdf86dabee3f8658794d54,2023-10-05
1aa057313c28fa4a40c5bc084b11d276,6e5d274636cdf86dabee3f8658794d54,2023-10-06
1aa057313c28fa4a40c5bc084b11d276,6e5d274636cdf86dabee3f8658794d54,2023-10-07
1aa057313c28fa4a40c5bc084b11d276,6e5d274636cdf86dabee3f8658794d54,2023-10-08
1aa057313c28fa4a40c5bc084b11d276,6e5d274636cdf86dabee3f8658794d54,2023-10-09
1aa057313c28fa4a40c5bc084b11d276,6e5d274636cdf86dabee3f8658794d54,2023-10-10
1aa057313c28fa4a40c5bc084b11d276,6e5d274636cdf86dabee3f8658794d54,2023-10-11
1aa057313c28fa4a40c5bc084b11d276,6e5d274636cdf86dabee3f8658794d54,2023-10-12
1aa057313c28fa4a40c5bc084b11d276,6e5d274636cdf86dabee3f8658794d54,2023-10-13
1aa057313c28fa4a40c5bc084b11d276,6e5d274636cdf86dabee3f8658794d54,2023-10-14
1aa057313c28fa4a40c5bc084b11d276,6e5d274636cdf86dabee3f8658794d54,2023-10-15
1aa057313c28fa4a40c5bc084b11d276,6e5d274636cdf86dabee3f8658794d54,2023-10-16
1aa057313c28fa4a40c5bc084b11d276,6e5d274636cdf86dabee3f8658794d54,2023-10-17
1aa057313c28fa4a40c5bc084b11d276,6e5d274636cdf86dabee3f8658794d54,2023-10-18
1aa057313c28fa4a40c5bc084b11d276,231af8dc5fd5b69a7cfc4b015ebfd72a,2023-10-05
1aa057313c28fa4a40c5bc084b11d276,231af8dc5fd5b69a7cfc4b015ebfd72a,2023-10-06
1aa057313c28fa4a40c5bc084b11d276,231af8dc5fd5b69a7cfc4b015ebfd72a,2023-10-07
1aa057313c28fa4a40c5bc084b11d276,231af8dc5fd5b69a7cfc4b015ebfd72a,2023-10-08
1aa057313c28fa4a40c5bc084b11d276,231af8dc5fd5b69a7cfc4b015ebfd72a,2023-10-09
1aa057313c28fa4a40c5bc084b11d276,231af8dc5fd5b69a7cfc4b015ebfd72a,2023-10-10
1aa057313c28fa4a40c5bc084b11d276,231af8dc5fd5b69a7cfc4b015ebfd72a,2023-10-11
1aa057313c28fa4a40c5bc084b11d276,231af8dc5fd5b69a7cfc4b015ebfd72a,2023-10-12
1aa057313c28fa4a40c5bc084b11d276,231af8dc5fd5b69a7cfc4b015ebfd72a,2023-10-13
1aa057313c28fa4a40c5bc084b11d276,231af8dc5fd5b69a7cfc4b015ebfd72a,2023-10-14
1aa057313c28fa4a40c5bc084b11d276,231af8dc5fd5b69a7cfc4b015ebfd72a,2023-10-15
1aa057313c28fa4a40c5bc084b11d276,231af8dc5fd5b69a7cfc4b015ebfd72a,2023-10-16
1aa057313c28fa4a40c5bc084b11d276,231af8dc5fd5b69a7cfc4b015ebfd72a,2023-10-17
1aa057313c28fa4a40c5bc084b11d276,231af8dc5fd5b69a7cfc4b015ebfd72a,2023-10-18
1aa057313c28fa4a40c5bc084b11d276,5f86639bbaacbed711e89635b602cc75,2023-10-05
1aa057313c28fa4a40c5bc084b11d276,5f86639bbaacbed711e89635b602cc75,2023-10-06
1aa057313c28fa4a40c5bc084b11d276,5f86639bbaacbed711e89635b602cc75,2023-10-07
1aa057313c28fa4a40c5bc084b11d276,5f86639bbaacbed711e89635b602cc75,2023-10-08
1aa057313c28fa4a40c5bc084b11d276,5f86639bbaacbed711e89635b602cc75,2023-10-09
1aa057313c28fa4a40c5bc084b11d276,5f86639bbaacbed711e89635b602cc75,2023-10-10
1aa057313c28fa4a40c5bc084b11d276,5f86639bbaacbed711e89635b602cc75,2023-10-11
1aa057313c28fa4a40c5bc084b11d276,5f86639bbaacbed711e89635b602cc75,2023-10-12
1aa057313c28fa4a40c5bc084b11d276,5f86639bbaacbed711e89635b602cc75,2023-10-13
1aa057313c28fa4a40c5bc084b11d276,5f86639bbaacbed711e89635b602cc75,2023-10-14
1aa057313c28fa4a40c5bc084b11d276,5f86639bbaacbed711e89635b602cc75,2023-10-15
1aa057313c28fa4a40c5bc084b11d276,5f86639bbaacbed711e89635b602cc75,2023-10-16
1aa057313c28fa4a40c5bc084b11d276,5f86639bbaacbed711e89635b602cc75,2023-10-17
1aa057313c28fa4a40c5bc084b11d276,5f86639bbaacbed711e89635b602cc75,2023-10-18
1aa057313c28fa4a40c5bc084b11d276,cf91eca9321c9c272fb4e7cf4bcc6a43,2023-10-05
1aa057313c28fa4a40c5bc084b11d276,cf91eca9321c9c272fb4e7cf4bcc6a43,2023-10-06
1aa057313c28fa4a40c5bc084b11d276,cf91eca9321c9c272fb4e7cf4bcc6a43,2023-10-07
1aa057313c28fa4a40c5bc084b11d276,cf91eca9321c9c272fb4e7cf4bcc6a43,2023-10-08
1aa057313c28fa4a40c5bc084b11d276,cf91eca9321c9c272fb4e7cf4bcc6a43,2023-10-09
1aa057313c28fa4a40c5bc084b11d276,cf91eca9321c9c272fb4e7cf4bcc6a43,2023-10-10
1aa057313c28fa4a40c5bc084b11d276,cf91eca9321c9c272fb4e7cf4bcc6a43,2023-10-11
1aa057313c28fa4a40c5bc084b11d276,cf91eca9321c9c272fb4e7cf4bcc6a43,2023-10-12
1aa057313c28fa4a40c5bc084b11d276,cf91eca9321c9c272fb4e7cf4bcc6a43,2023-10-13
1aa057313c28fa4a40c5bc084b11d276,cf91eca9321c9c272fb4e7cf4bcc6a43,2023-10-14
1aa057313c28fa4a40c5bc084b11d276,cf91eca9321c9c272fb4e7cf4bcc6a43,2023-10-15
1aa057313c28fa4a40c5bc084b11d276,cf91eca9321c9c272fb4e7cf4bcc6a43,2023-10-16
1aa057313c28fa4a40c5bc084b11d276,cf91eca9321c9c272fb4e7cf4bcc6a43,2023-10-17
1aa057313c28fa4a40c5bc084b11d276,cf91eca9321c9c272fb4e7cf4bcc6a43,2023-10-18
1aa057313c28fa4a40c5bc084b11d276,22988026fe85fde60d8bf777ab6bc3b4,2023-10-05
1aa057313c28fa4a40c5bc084b11d276,22988026fe85fde60d8bf777ab6bc3b4,2023-10-06
1aa057313c28fa4a40c5bc084b11d276,22988026fe85fde60d8bf777ab6bc3b4,2023-10-07
1aa057313c28fa4a40c5bc084b11d276,22988026fe85fde60d8bf777ab6bc3b4,2023-10-08
1aa057313c28fa4a40c5bc084b11d276,22988026fe85fde60d8bf777ab6bc3b4,2023-10-09
1aa057313c28fa4a40c5bc084b11d276,22988026fe85fde60d8bf777ab6bc3b4,2023-10-10
1aa057313c28fa4a40c5bc084b11d276,22988026fe85fde60d8bf777ab6bc3b4,2023-10-11
1aa057313c28fa4a40c5bc084b11d276,22988026fe85fde60d8bf777ab6bc3b4,2023-10-12
1aa057313c28fa4a40c5bc084b11d276,22988026fe85fde60d8bf777ab6bc3b4,2023-10-13
1aa057313c28fa4a40c5bc084b11d276,22988026fe85fde60d8bf777ab6bc3b4,2023-10-14
1aa057313c28fa4a40c5bc084b11d276,22988026fe85fde60d8bf777ab6bc3b4,2023-10-15
1aa057313c28fa4a40c5bc084b11d276,22988026fe85fde60d8bf777ab6bc3b4,2023-10-16
1aa057313c28fa4a40c5bc084b11d276,22988026fe85fde60d8bf777ab6bc3b4,2023-10-17
1aa057313c28fa4a40c5bc084b11d276,22988026fe85fde60d8bf777ab6bc3b4,2023-10-18
1aa057313c28fa4a40c5bc084b11d276,62d4af457ba2540ce0898a211c0cd17a,2023-10-05
1aa057313c28fa4a40c5bc084b11d276,62d4af457ba2540ce0898a211c0cd17a,2023-10-06
1aa057313c28fa4a40c5bc084b11d276,62d4af457ba2540ce0898a211c0cd17a,2023-10-07
1aa057313c28fa4a40c5bc084b11d276,62d4af457ba2540ce0898a211c0cd17a,2023-10-08
1aa057313c28fa4a40c5bc084b11d276,62d4af457ba2540ce0898a211c0cd17a,2023-10-09
1aa057313c28fa4a40c5bc084b11d276,62d4af457ba2540ce0898a211c0cd17a,2023-10-10
1aa057313c28fa4a40c5bc084b11d276,62d4af457ba2540ce0898a211c0cd17a,2023-10-11
1aa057313c28fa4a40c5bc084b11d276,62d4af457ba2540ce0898a211c0cd17a,2023-10-12
1aa057313c28fa4a40c5bc084b11d276,62d4af457ba2540ce0898a211c0cd17a,2023-10-13
1aa057313c28fa4a40c5bc084b11d276,62d4af457ba2540ce0898a211c0cd17a,2023-10-14
1aa057313c28fa4a40c5bc084b11d276,62d4af457ba2540ce0898a211c0cd17a,2023-10-15
1aa057313c28fa4a40c5bc084b11d276,62d4af457ba2540ce0898a211c0cd17a,2023-10-16
1aa057313c28fa4a40c5bc084b11d276,62d4af457ba2540ce0898a211c0cd17a,2023-10-17
1aa057313c28fa4a40c5bc084b11d276,62d4af457ba2540ce0898a211c0cd17a,2023-10-18
1aa057313c28fa4a40c5bc084b11d276,66a5198a8d1afbef4821b8cebf7f794d,2023-10-05
1aa057313c28fa4a40c5bc084b11d276,66a5198a8d1afbef4821b8cebf7f794d,2023-10-06
1aa057313c28fa4a40c5bc084b11d276,66a5198a8d1afbef4821b8cebf7f794d,2023-10-07
1aa057313c28fa4a40c5bc084b11d276,66a5198a8d1afbef4821b8cebf7f794d,2023-10-08
1aa057313c28fa4a40c5bc084b11d276,66a5198a8d1afbef4821b8cebf7f794d,2023-10-09
1aa057313c28fa4a40c5bc084b11d276,66a5198a8d1afbef4821b8cebf7f794d,2023-10-10
1aa057313c28fa4a40c5bc084b11d276,66a5198a8d1afbef4821b8cebf7f794d,2023-10-11
1aa057313c28fa4a40c5bc084b11d276,66a5198a8d1afbef4821b8cebf7f794d,2023-10-12
1aa057313c28fa4a40c5bc084b11d276,66a5198a8d1afbef4821b8cebf7f794d,2023-10-13
1aa057313c28fa4a40c5bc084b11d276,66a5198a8d1afbef4821b8cebf7f794d,2023-10-14
1aa057313c28fa4a40c5bc084b11d276,66a5198a8d1afbef4821b8cebf7f794d,2023-10-15
1aa057313c28fa4a40c5bc084b11d276,66a5198a8d1afbef4821b8cebf7f794d,2023-10-16
1aa057313c28fa4a40c5bc084b11d276,66a5198a8d1afbef4821b8cebf7f794d,2023-10-17
1aa057313c28fa4a40c5bc084b11d276,66a5198a8d1afbef4821b8cebf7f794d,2023-10-18
1aa057313c28fa4a40c5bc084b11d276,695078b902484f8edb56d01c0b906c8c,2023-10-05
1aa057313c28fa4a40c5bc084b11d276,695078b902484f8edb56d01c0b906c8c,2023-10-06
1aa057313c28fa4a40c5bc084b11d276,695078b902484f8edb56d01c0b906c8c,2023-10-07
1aa057313c28fa4a40c5bc084b11d276,695078b902484f8edb56d01c0b906c8c,2023-10-08
1aa057313c28fa4a40c5bc084b11d276,695078b902484f8edb56d01c0b906c8c,2023-10-09
1aa057313c28fa4a40c5bc084b11d276,695078b902484f8edb56d01c0b906c8c,2023-10-10
1aa057313c28fa4a40c5bc084b11d276,695078b902484f8edb56d01c0b906c8c,2023-10-11
1aa057313c28fa4a40c5bc084b11d276,695078b902484f8edb56d01c0b906c8c,2023-10-12
1aa057313c28fa4a40c5bc084b11d276,695078b902484f8edb56d01c0b906c8c,2023-10-13
1aa057313c28fa4a40c5bc084b11d276,695078b902484f8edb56d01c0b906c8c,2023-10-14
1aa057313c28fa4a40c5bc084b11d276,695078b902484f8edb56d01c0b906c8c,2023-10-15
1aa057313c28fa4a40c5bc084b11d276,695078b902484f8edb56d01c0b906c8c,2023-10-16
1aa057313c28fa4a40c5bc084b11d276,695078b902484f8edb56d01c0b906c8c,2023-10-17
1aa057313c28fa4a40c5bc084b11d276,695078b902484f8edb56d01c0b906c8c,2023-10-18
1aa057313c28fa4a40c5bc084b11d276,2dc922d957188fb51dd2bd50ec9b555a,2023-10-05
1aa057313c28fa4a40c5bc084b11d276,2dc922d957188fb51dd2bd50ec9b555a,2023-10-06
1aa057313c28fa4a40c5bc084b11d276,2dc922d957188fb51dd2bd50ec9b555a,2023-10-07
1aa057313c28fa4a40c5bc084b11d276,2dc922d957188fb51dd2bd50ec9b555a,2023-10-08
1aa057313c28fa4a40c5bc084b11d276,2dc922d957188fb51dd2bd50ec9b555a,2023-10-09
1aa057313c28fa4a40c5bc084b11d276,2dc922d957188fb51dd2bd50ec9b555a,2023-10-10
1aa057313c28fa4a40c5bc084b11d276,2dc922d957188fb51dd2bd50ec9b555a,2023-10-11
1aa057313c28fa4a40c5bc084b11d276,2dc922d957188fb51dd2bd50ec9b555a,2023-10-12
1aa057313c28fa4a40c5bc084b11d276,2dc922d957188fb51dd2bd50ec9b555a,2023-10-13
1aa057313c28fa4a40c5bc084b11d276,2dc922d957188fb51dd2bd50ec9b555a,2023-10-14
1aa057313c28fa4a40c5bc084b11d276,2dc922d957188fb51dd2bd50ec9b555a,2023-10-15
1aa057313c28fa4a40c5bc084b11d276,2dc922d957188fb51dd2bd50ec9b555a,2023-10-16
1aa057313c28fa4a40c5bc084b11d276,2dc922d957188fb51dd2bd50ec9b555a,2023-10-17
1aa057313c28fa4a40c5bc084b11d276,2dc922d957188fb51dd2bd50ec9b555a,2023-10-18
1aa057313c28fa4a40c5bc084b11d276,6788a2db1251995b966bd3ae44562bf5,2023-10-05
1aa057313c28fa4a40c5bc084b11d276,6788a2db1251995b966bd3ae44562bf5,2023-10-06
1aa057313c28fa4a40c5bc084b11d276,6788a2db1251995b966bd3ae44562bf5,2023-10-07
1aa057313c28fa4a40c5bc084b11d276,6788a2db1251995b966bd3ae44562bf5,2023-10-08
1aa057313c28fa4a40c5bc084b11d276,6788a2db1251995b966bd3ae44562bf5,2023-10-09
1aa057313c28fa4a40c5bc084b11d276,6788a2db1251995b966bd3ae44562bf5,2023-10-10
1aa057313c28fa4a40c5bc084b11d276,6788a2db1251995b966bd3ae44562bf5,2023-10-11
1aa057313c28fa4a40c5bc084b11d276,6788a2db1251995b966bd3ae44562bf5,2023-10-12
1aa057313c28fa4a40c5bc084b11d276,6788a2db1251995b966bd3ae44562bf5,2023-10-13
1aa057313c28fa4a40c5bc084b11d276,6788a2db1251995b966bd3ae44562bf5,2023-10-14
1aa057313c28fa4a40c5bc084b11d276,6788a2db1251995b966bd3ae44562bf5,2023-10-15
1aa057313c28fa4a40c5bc084b11d276,6788a2db1251995b966bd3ae44562bf5,2023-10-16
1aa057313c28fa4a40c5bc084b11d276,6788a2db1251995b966bd3ae44562bf5,2023-10-17
1aa057313c28fa4a40c5bc084b11d276,6788a2db1251995b966bd3ae44562bf5,2023-10-18
1aa057313c28fa4a40c5bc084b11d276,3474f0e025c7deb7e127a35763bc5512,2023-10-05
1aa057313c28fa4a40c5bc084b11d276,3474f0e025c7deb7e127a35763bc5512,2023-10-06
1aa057313c28fa4a40c5bc084b11d276,3474f0e025c7deb7e127a35763bc5512,2023-10-07
1aa057313c28fa4a40c5bc084b11d276,3474f0e025c7deb7e127a35763bc5512,2023-10-08
1aa057313c28fa4a40c5bc084b11d276,3474f0e025c7deb7e127a35763bc5512,2023-10-09
1aa057313c28fa4a40c5bc084b11d276,3474f0e025c7deb7e127a35763bc5512,2023-10-10
1aa057313c28fa4a40c5bc084b11d276,3474f0e025c7deb7e127a35763bc5512,2023-10-11
1aa057313c28fa4a40c5bc084b11d276,3474f0e025c7deb7e127a35763bc5512,2023-10-12
1aa057313c28fa4a40c5bc084b11d276,3474f0e025c7deb7e127a35763bc5512,2023-10-13
1aa057313c28fa4a40c5bc084b11d276,3474f0e025c7deb7e127a35763bc5512,2023-10-14
1aa057313c28fa4a40c5bc084b11d276,3474f0e025c7deb7e127a35763bc5512,2023-10-15
1aa057313c28fa4a40c5bc084b11d276,3474f0e025c7deb7e127a35763bc5512,2023-10-16
1aa057313c28fa4a40c5bc084b11d276,3474f0e025c7deb7e127a35763bc5512,2023-10-17
1aa057313c28fa4a40c5bc084b11d276,3474f0e025c7deb7e127a35763bc5512,2023-10-18
1aa057313c28fa4a40c5bc084b11d276,58b0cd8f9647207480f2a86a4b9c860b,2023-10-05
1aa057313c28fa4a40c5bc084b11d276,58b0cd8f9647207480f2a86a4b9c860b,2023-10-06
1aa057313c28fa4a40c5bc084b11d276,58b0cd8f9647207480f2a86a4b9c860b,2023-10-07
1aa057313c28fa4a40c5bc084b11d276,58b0cd8f9647207480f2a86a4b9c860b,2023-10-08
1aa057313c28fa4a40c5bc084b11d276,58b0cd8f9647207480f2a86a4b9c860b,2023-10-09
1aa057313c28fa4a40c5bc084b11d276,58b0cd8f9647207480f2a86a4b9c860b,2023-10-10
1aa057313c28fa4a40c5bc084b11d276,58b0cd8f9647207480f2a86a4b9c860b,2023-10-11
1aa057313c28fa4a40c5bc084b11d276,58b0cd8f9647207480f2a86a4b9c860b,2023-10-12
1aa057313c28fa4a40c5bc084b11d276,58b0cd8f9647207480f2a86a4b9c860b,2023-10-13
1aa057313c28fa4a40c5bc084b11d276,58b0cd8f9647207480f2a86a4b9c860b,2023-10-14
1aa057313c28fa4a40c5bc084b11d276,58b0cd8f9647207480f2a86a4b9c860b,2023-10-15
1aa057313c28fa4a40c5bc084b11d276,58b0cd8f9647207480f2a86a4b9c860b,2023-10-16
1aa057313c28fa4a40c5bc084b11d276,58b0cd8f9647207480f2a86a4b9c860b,2023-10-17
1aa057313c28fa4a40c5bc084b11d276,58b0cd8f9647207480f2a86a4b9c860b,2023-10-18
1aa057313c28fa4a40c5bc084b11d276,025967a3c53711dc29a78cbecc908ecd,2023-10-05
1aa057313c28fa4a40c5bc084b11d276,025967a3c53711dc29a78cbecc908ecd,2023-10-06
1aa057313c28fa4a40c5bc084b11d276,025967a3c53711dc29a78cbecc908ecd,2023-10-07
1aa057313c28fa4a40c5bc084b11d276,025967a3c53711dc29a78cbecc908ecd,2023-10-08
1aa057313c28fa4a40c5bc084b11d276,025967a3c53711dc29a78cbecc908ecd,2023-10-09
1aa057313c28fa4a40c5bc084b11d276,025967a3c53711dc29a78cbecc908ecd,2023-10-10
1aa057313c28fa4a40c5bc084b11d276,025967a3c53711dc29a78cbecc908ecd,2023-10-11
1aa057313c28fa4a40c5bc084b11d276,025967a3c53711dc29a78cbecc908ecd,2023-10-12
1aa057313c28fa4a40c5bc084b11d276,025967a3c53711dc29a78cbecc908ecd,2023-10-13
1aa057313c28fa4a40c5bc084b11d276,025967a3c53711dc29a78cbecc908ecd,2023-10-14
1aa057313c28fa4a40c5bc084b11d276,025967a3c53711dc29a78cbecc908ecd,2023-10-15
1aa057313c28fa4a40c5bc084b11d276,025967a3c53711dc29a78cbecc908ecd,2023-10-16
1aa057313c28fa4a40c5bc084b11d276,025967a3c53711dc29a78cbecc908ecd,2023-10-17
1aa057313c28fa4a40c5bc084b11d276,025967a3c53711dc29a78cbecc908ecd,2023-10-18
1aa057313c28fa4a40c5bc084b11d276,861f516882af16ff45234407eda09606,2023-10-05
1aa057313c28fa4a40c5bc084b11d276,861f516882af16ff45234407eda09606,2023-10-06
1aa057313c28fa4a40c5bc084b11d276,861f516882af16ff45234407eda09606,2023-10-07
1aa057313c28fa4a40c5bc084b11d276,861f516882af16ff45234407eda09606,2023-10-08
1aa057313c28fa4a40c5bc084b11d276,861f516882af16ff45234407eda09606,2023-10-09
1aa057313c28fa4a40c5bc084b11d276,861f516882af16ff45234407eda09606,2023-10-10
1aa057313c28fa4a40c5bc084b11d276,861f516882af16ff45234407eda09606,2023-10-11
1aa057313c28fa4a40c5bc084b11d276,861f516882af16ff45234407eda09606,2023-10-12
1aa057313c28fa4a40c5bc084b11d276,861f516882af16ff45234407eda09606,2023-10-13
1aa057313c28fa4a40c5bc084b11d276,861f516882af16ff45234407eda09606,2023-10-14
1aa057313c28fa4a40c5bc084b11d276,861f516882af16ff45234407eda09606,2023-10-15
1aa057313c28fa4a40c5bc084b11d276,861f516882af16ff45234407eda09606,2023-10-16
1aa057313c28fa4a40c5bc084b11d276,861f516882af16ff45234407eda09606,2023-10-17
1aa057313c28fa4a40c5bc084b11d276,861f516882af16ff45234407eda09606,2023-10-18
1aa057313c28fa4a40c5bc084b11d276,0f152427918d29bb1081834c1d375a48,2023-10-05
1aa057313c28fa4a40c5bc084b11d276,0f152427918d29bb1081834c1d375a48,2023-10-06
1aa057313c28fa4a40c5bc084b11d276,0f152427918d29bb1081834c1d375a48,2023-10-07
1aa057313c28fa4a40c5bc084b11d276,0f152427918d29bb1081834c1d375a48,2023-10-08
1aa057313c28fa4a40c5bc084b11d276,0f152427918d29bb1081834c1d375a48,2023-10-09
1aa057313c28fa4a40c5bc084b11d276,0f152427918d29bb1081834c1d375a48,2023-10-10
1aa057313c28fa4a40c5bc084b11d276,0f152427918d29bb1081834c1d375a48,2023-10-11
1aa057313c28fa4a40c5bc084b11d276,0f152427918d29bb1081834c1d375a48,2023-10-12
1aa057313c28fa4a40c5bc084b11d276,0f152427918d29bb1081834c1d375a48,2023-10-13
1aa057313c28fa4a40c5bc084b11d276,0f152427918d29bb1081834c1d375a48,2023-10-14
1aa057313c28fa4a40c5bc084b11d276,0f152427918d29bb1081834c1d375a48,2023-10-15
1aa057313c28fa4a40c5bc084b11d276,0f152427918d29bb1081834c1d375a48,2023-10-16
1aa057313c28fa4a40c5bc084b11d276,0f152427918d29bb1081834c1d375a48,2023-10-17
1aa057313c28fa4a40c5bc084b11d276,0f152427918d29bb1081834c1d375a48,2023-10-18
1aa057313c28fa4a40c5bc084b11d276,e4d5fdbba51406e917f26f3522c513be,2023-10-05
1aa057313c28fa4a40c5bc084b11d276,e4d5fdbba51406e917f26f3522c513be,2023-10-06
1aa057313c28fa4a40c5bc084b11d276,e4d5fdbba51406e917f26f3522c513be,2023-10-07
1aa057313c28fa4a40c5bc084b11d276,e4d5fdbba51406e917f26f3522c513be,2023-10-08
1aa057313c28fa4a40c5bc084b11d276,e4d5fdbba51406e917f26f3522c513be,2023-10-09
1aa057313c28fa4a40c5bc084b11d276,e4d5fdbba51406e917f26f3522c513be,2023-10-10
1aa057313c28fa4a40c5bc084b11d276,e4d5fdbba51406e917f26f3522c513be,2023-10-11
1aa057313c28fa4a40c5bc084b11d276,e4d5fdbba51406e917f26f3522c513be,2023-10-12
1aa057313c28fa4a40c5bc084b11d276,e4d5fdbba51406e917f26f3522c513be,2023-10-13
1aa057313c28fa4a40c5bc084b11d276,e4d5fdbba51406e917f26f3522c513be,2023-10-14
1aa057313c28fa4a40c5bc084b11d276,e4d5fdbba51406e917f26f3522c513be,2023-10-15
1aa057313c28fa4a40c5bc084b11d276,e4d5fdbba51406e917f26f3522c513be,2023-10-16
1aa057313c28fa4a40c5bc084b11d276,e4d5fdbba51406e917f26f3522c513be,2023-10-17
1aa057313c28fa4a40c5bc084b11d276,e4d5fdbba51406e917f26f3522c513be,2023-10-18
1aa057313c28fa4a40c5bc084b11d276,c094d01a05c16145a507b8a2b840a4f0,2023-10-05
1aa057313c28fa4a40c5bc084b11d276,c094d01a05c16145a507b8a2b840a4f0,2023-10-06
1aa057313c28fa4a40c5bc084b11d276,c094d01a05c16145a507b8a2b840a4f0,2023-10-07
1aa057313c28fa4a40c5bc084b11d276,c094d01a05c16145a507b8a2b840a4f0,2023-10-08
1aa057313c28fa4a40c5bc084b11d276,c094d01a05c16145a507b8a2b840a4f0,2023-10-09
1aa057313c28fa4a40c5bc084b11d276,c094d01a05c16145a507b8a2b840a4f0,2023-10-10
1aa057313c28fa4a40c5bc084b11d276,c094d01a05c16145a507b8a2b840a4f0,2023-10-11
1aa057313c28fa4a40c5bc084b11d276,c094d01a05c16145a507b8a2b840a4f0,2023-10-12
1aa057313c28fa4a40c5bc084b11d276,c094d01a05c16145a507b8a2b840a4f0,2023-10-13
1aa057313c28fa4a40c5bc084b11d276,c094d01a05c16145a507b8a2b840a4f0,2023-10-14
1aa057313c28fa4a40c5bc084b11d276,c094d01a05c16145a507b8a2b840a4f0,2023-10-15
1aa057313c28fa4a40c5bc084b11d276,c094d01a05c16145a507b8a2b840a4f0,2023-10-16
1aa057313c28fa4a40c5bc084b11d276,c094d01a05c16145a507b8a2b840a4f0,2023-10-17
1aa057313c28fa4a40c5bc084b11d276,c094d01a05c16145a507b8a2b840a4f0,2023-10-18
1aa057313c28fa4a40c5bc084b11d276,ae0ea26efd73c891f6fe4f8af687c88f,2023-10-05
1aa057313c28fa4a40c5bc084b11d276,ae0ea26efd73c891f6fe4f8af687c88f,2023-10-06
1aa057313c28fa4a40c5bc084b11d276,ae0ea26efd73c891f6fe4f8af687c88f,2023-10-07
1aa057313c28fa4a40c5bc084b11d276,ae0ea26efd73c891f6fe4f8af687c88f,2023-10-08
1aa057313c28fa4a40c5bc084b11d276,ae0ea26efd73c891f6fe4f8af687c88f,2023-10-09
1aa057313c28fa4a40c5bc084b11d276,ae0ea26efd73c891f6fe4f8af687c88f,2023-10-10
1aa057313c28fa4a40c5bc084b11d276,ae0ea26efd73c891f6fe4f8af687c88f,2023-10-11
1aa057313c28fa4a40c5bc084b11d276,ae0ea26efd73c891f6fe4f8af687c88f,2023-10-12
1aa057313c28fa4a40c5bc084b11d276,ae0ea26efd73c891f6fe4f8af687c88f,2023-10-13
1aa057313c28fa4a40c5bc084b11d276,ae0ea26efd73c891f6fe4f8af687c88f,2023-10-14
1aa057313c28fa4a40c5bc084b11d276,ae0ea26efd73c891f6fe4f8af687c88f,2023-10-15
1aa057313c28fa4a40c5bc084b11d276,ae0ea26efd73c891f6fe4f8af687c88f,2023-10-16
1aa057313c28fa4a40c5bc084b11d276,ae0ea26efd73c891f6fe4f8af687c88f,2023-10-17
1aa057313c28fa4a40c5bc084b11d276,ae0ea26efd73c891f6fe4f8af687c88f,2023-10-18
1aa057313c28fa4a40c5bc084b11d276,ebef63de0e8fe04e0d681a25face55c9,2023-10-05
1aa057313c28fa4a40c5bc084b11d276,ebef63de0e8fe04e0d681a25face55c9,2023-10-06
1aa057313c28fa4a40c5bc084b11d276,ebef63de0e8fe04e0d681a25face55c9,2023-10-07
1aa057313c28fa4a40c5bc084b11d276,ebef63de0e8fe04e0d681a25face55c9,2023-10-08
1aa057313c28fa4a40c5bc084b11d276,ebef63de0e8fe04e0d681a25face55c9,2023-10-09
1aa057313c28fa4a40c5bc084b11d276,ebef63de0e8fe04e0d681a25face55c9,2023-10-10
1aa057313c28fa4a40c5bc084b11d276,ebef63de0e8fe04e0d681a25face55c9,2023-10-11
1aa057313c28fa4a40c5bc084b11d276,ebef63de0e8fe04e0d681a25face55c9,2023-10-12
1aa057313c28fa4a40c5bc084b11d276,ebef63de0e8fe04e0d681a25face55c9,2023-10-13
1aa057313c28fa4a40c5bc084b11d276,ebef63de0e8fe04e0d681a25face55c9,2023-10-14
1aa057313c28fa4a40c5bc084b11d276,ebef63de0e8fe04e0d681a25face55c9,2023-10-15
1aa057313c28fa4a40c5bc084b11d276,ebef63de0e8fe04e0d681a25face55c9,2023-10-16
1aa057313c28fa4a40c5bc084b11d276,ebef63de0e8fe04e0d681a25face55c9,2023-10-17
1aa057313c28fa4a40c5bc084b11d276,ebef63de0e8fe04e0d681a25face55c9,2023-10-18
1aa057313c28fa4a40c5bc084b11d276,e983f56659b43d6691446b013c0b9ef1,2023-10-05
1aa057313c28fa4a40c5bc084b11d276,e983f56659b43d6691446b013c0b9ef1,2023-10-06
1aa057313c28fa4a40c5bc084b11d276,e983f56659b43d6691446b013c0b9ef1,2023-10-07
1aa057313c28fa4a40c5bc084b11d276,e983f56659b43d6691446b013c0b9ef1,2023-10-08
1aa057313c28fa4a40c5bc084b11d276,e983f56659b43d6691446b013c0b9ef1,2023-10-09
1aa057313c28fa4a40c5bc084b11d276,e983f56659b43d6691446b013c0b9ef1,2023-10-10
1aa057313c28fa4a40c5bc084b11d276,e983f56659b43d6691446b013c0b9ef1,2023-10-11
1aa057313c28fa4a40c5bc084b11d276,e983f56659b43d6691446b013c0b9ef1,2023-10-12
1aa057313c28fa4a40c5bc084b11d276,e983f56659b43d6691446b013c0b9ef1,2023-10-13
1aa057313c28fa4a40c5bc084b11d276,e983f56659b43d6691446b013c0b9ef1,2023-10-14
1aa057313c28fa4a40c5bc084b11d276,e983f56659b43d6691446b013c0b9ef1,2023-10-15
1aa057313c28fa4a40c5bc084b11d276,e983f56659b43d6691446b013c0b9ef1,2023-10-16
1aa057313c28fa4a40c5bc084b11d276,e983f56659b43d6691446b013c0b9ef1,2023-10-17
1aa057313c28fa4a40c5bc084b11d276,e983f56659b43d6691446b013c0b9ef1,2023-10-18
1aa057313c28fa4a40c5bc084b11d276,c4a665596d4f67cecb7542c9fad407ee,2023-10-05
1aa057313c28fa4a40c5bc084b11d276,c4a665596d4f67cecb7542c9fad407ee,2023-10-06
1aa057313c28fa4a40c5bc084b11d276,c4a665596d4f67cecb7542c9fad407ee,2023-10-07
1aa057313c28fa4a40c5bc084b11d276,c4a665596d4f67cecb7542c9fad407ee,2023-10-08
1aa057313c28fa4a40c5bc084b11d276,c4a665596d4f67cecb7542c9fad407ee,2023-10-09
1aa057313c28fa4a40c5bc084b11d276,c4a665596d4f67cecb7542c9fad407ee,2023-10-10
1aa057313c28fa4a40c5bc084b11d276,c4a665596d4f67cecb7542c9fad407ee,2023-10-11
1aa057313c28fa4a40c5bc084b11d276,c4a665596d4f67cecb7542c9fad407ee,2023-10-12
1aa057313c28fa4a40c5bc084b11d276,c4a665596d4f67cecb7542c9fad407ee,2023-10-13
1aa057313c28fa4a40c5bc084b11d276,c4a665596d4f67cecb7542c9fad407ee,2023-10-14
1aa057313c28fa4a40c5bc084b11d276,c4a665596d4f67cecb7542c9fad407ee,2023-10-15
1aa057313c28fa4a40c5bc084b11d276,c4a665596d4f67cecb7542c9fad407ee,2023-10-16
1aa057313c28fa4a40c5bc084b11d276,c4a665596d4f67cecb7542c9fad407ee,2023-10-17
1aa057313c28fa4a40c5bc084b11d276,c4a665596d4f67cecb7542c9fad407ee,2023-10-18
1aa057313c28fa4a40c5bc084b11d276,5db914ae933ab65d71987c0434ebf930,2023-10-05
1aa057313c28fa4a40c5bc084b11d276,5db914ae933ab65d71987c0434ebf930,2023-10-06
1aa057313c28fa4a40c5bc084b11d276,5db914ae933ab65d71987c0434ebf930,2023-10-07
1aa057313c28fa4a40c5bc084b11d276,5db914ae933ab65d71987c0434ebf930,2023-10-08
1aa057313c28fa4a40c5bc084b11d276,5db914ae933ab65d71987c0434ebf930,2023-10-09
1aa057313c28fa4a40c5bc084b11d276,5db914ae933ab65d71987c0434ebf930,2023-10-10
1aa057313c28fa4a40c5bc084b11d276,5db914ae933ab65d71987c0434ebf930,2023-10-11
1aa057313c28fa4a40c5bc084b11d276,5db914ae933ab65d71987c0434ebf930,2023-10-12
1aa057313c28fa4a40c5bc084b11d276,5db914ae933ab65d71987c0434ebf930,2023-10-13
1aa057313c28fa4a40c5bc084b11d276,5db914ae933ab65d71987c0434ebf930,2023-10-14
1aa057313c28fa4a40c5bc084b11d276,5db914ae933ab65d71987c0434ebf930,2023-10-15
1aa057313c28fa4a40c5bc084b11d276,5db914ae933ab65d71987c0434ebf930,2023-10-16
1aa057313c28fa4a40c5bc084b11d276,5db914ae933ab65d71987c0434ebf930,2023-10-17
1aa057313c28fa4a40c5bc084b11d276,5db914ae933ab65d71987c0434ebf930,2023-10-18
1aa057313c28fa4a40c5bc084b11d276,90702dbda20da8380fb559b1ea8c0140,2023-10-05
1aa057313c28fa4a40c5bc084b11d276,90702dbda20da8380fb559b1ea8c0140,2023-10-06
1aa057313c28fa4a40c5bc084b11d276,90702dbda20da8380fb559b1ea8c0140,2023-10-07
1aa057313c28fa4a40c5bc084b11d276,90702dbda20da8380fb559b1ea8c0140,2023-10-08
1aa057313c28fa4a40c5bc084b11d276,90702dbda20da8380fb559b1ea8c0140,2023-10-09
1aa057313c28fa4a40c5bc084b11d276,90702dbda20da8380fb559b1ea8c0140,2023-10-10
1aa057313c28fa4a40c5bc084b11d276,90702dbda20da8380fb559b1ea8c0140,2023-10-11
1aa057313c28fa4a40c5bc084b11d276,90702dbda20da8380fb559b1ea8c0140,2023-10-12
1aa057313c28fa4a40c5bc084b11d276,90702dbda20da8380fb559b1ea8c0140,2023-10-13
1aa057313c28fa4a40c5bc084b11d276,90702dbda20da8380fb559b1ea8c0140,2023-10-14
1aa057313c28fa4a40c5bc084b11d276,90702dbda20da8380fb559b1ea8c0140,2023-10-15
1aa057313c28fa4a40c5bc084b11d276,90702dbda20da8380fb559b1ea8c0140,2023-10-16
1aa057313c28fa4a40c5bc084b11d276,90702dbda20da8380fb559b1ea8c0140,2023-10-17
1aa057313c28fa4a40c5bc084b11d276,90702dbda20da8380fb559b1ea8c0140,2023-10-18
1aa057313c28fa4a40c5bc084b11d276,d6c2e7c74cad027b49b4369a0548ddfb,2023-10-05
1aa057313c28fa4a40c5bc084b11d276,d6c2e7c74cad027b49b4369a0548ddfb,2023-10-06
1aa057313c28fa4a40c5bc084b11d276,d6c2e7c74cad027b49b4369a0548ddfb,2023-10-07
1aa057313c28fa4a40c5bc084b11d276,d6c2e7c74cad027b49b4369a0548ddfb,2023-10-08
1aa057313c28fa4a40c5bc084b11d276,d6c2e7c74cad027b49b4369a0548ddfb,2023-10-09
1aa057313c28fa4a40c5bc084b11d276,d6c2e7c74cad027b49b4369a0548ddfb,2023-10-10
1aa057313c28fa4a40c5bc084b11d276,d6c2e7c74cad027b49b4369a0548ddfb,2023-10-11
1aa057313c28fa4a40c5bc084b11d276,d6c2e7c74cad027b49b4369a0548ddfb,2023-10-12
1aa057313c28fa4a40c5bc084b11d276,d6c2e7c74cad027b49b4369a0548ddfb,2023-10-13
1aa057313c28fa4a40c5bc084b11d276,d6c2e7c74cad027b49b4369a0548ddfb,2023-10-14
1aa057313c28fa4a40c5bc084b11d276,d6c2e7c74cad027b49b4369a0548ddfb,2023-10-15
1aa057313c28fa4a40c5bc084b11d276,d6c2e7c74cad027b49b4369a0548ddfb,2023-10-16
1aa057313c28fa4a40c5bc084b11d276,d6c2e7c74cad027b49b4369a0548ddfb,2023-10-17
1aa057313c28fa4a40c5bc084b11d276,d6c2e7c74cad027b49b4369a0548ddfb,2023-10-18
1aa057313c28fa4a40c5bc084b11d276,6bebdb943dc661b7af1e9469a8caeb3f,2023-10-05
1aa057313c28fa4a40c5bc084b11d276,6bebdb943dc661b7af1e9469a8caeb3f,2023-10-06
1aa057313c28fa4a40c5bc084b11d276,6bebdb943dc661b7af1e9469a8caeb3f,2023-10-07
1aa057313c28fa4a40c5bc084b11d276,6bebdb943dc661b7af1e9469a8caeb3f,2023-10-08
1aa057313c28fa4a40c5bc084b11d276,6bebdb943dc661b7af1e9469a8caeb3f,2023-10-09
1aa057313c28fa4a40c5bc084b11d276,6bebdb943dc661b7af1e9469a8caeb3f,2023-10-10
1aa057313c28fa4a40c5bc084b11d276,6bebdb943dc661b7af1e9469a8caeb3f,2023-10-11
1aa057313c28fa4a40c5bc084b11d276,6bebdb943dc661b7af1e9469a8caeb3f,2023-10-12
1aa057313c28fa4a40c5bc084b11d276,6bebdb943dc661b7af1e9469a8caeb3f,2023-10-13
1aa057313c28fa4a40c5bc084b11d276,6bebdb943dc661b7af1e9469a8caeb3f,2023-10-14
1aa057313c28fa4a40c5bc084b11d276,6bebdb943dc661b7af1e9469a8caeb3f,2023-10-15
1aa057313c28fa4a40c5bc084b11d276,6bebdb943dc661b7af1e9469a8caeb3f,2023-10-16
1aa057313c28fa4a40c5bc084b11d276,6bebdb943dc661b7af1e9469a8caeb3f,2023-10-17
1aa057313c28fa4a40c5bc084b11d276,6bebdb943dc661b7af1e9469a8caeb3f,2023-10-18
1aa057313c28fa4a40c5bc084b11d276,f1728a9a189d57bac75fc58ee722781a,2023-10-05
1aa057313c28fa4a40c5bc084b11d276,f1728a9a189d57bac75fc58ee722781a,2023-10-06
1aa057313c28fa4a40c5bc084b11d276,f1728a9a189d57bac75fc58ee722781a,2023-10-07
1aa057313c28fa4a40c5bc084b11d276,f1728a9a189d57bac75fc58ee722781a,2023-10-08
1aa057313c28fa4a40c5bc084b11d276,f1728a9a189d57bac75fc58ee722781a,2023-10-09
1aa057313c28fa4a40c5bc084b11d276,f1728a9a189d57bac75fc58ee722781a,2023-10-10
1aa057313c28fa4a40c5bc084b11d276,f1728a9a189d57bac75fc58ee722781a,2023-10-11
1aa057313c28fa4a40c5bc084b11d276,f1728a9a189d57bac75fc58ee722781a,2023-10-12
1aa057313c28fa4a40c5bc084b11d276,f1728a9a189d57bac75fc58ee722781a,2023-10-13
1aa057313c28fa4a40c5bc084b11d276,f1728a9a189d57bac75fc58ee722781a,2023-10-14
1aa057313c28fa4a40c5bc084b11d276,f1728a9a189d57bac75fc58ee722781a,2023-10-15
1aa057313c28fa4a40c5bc084b11d276,f1728a9a189d57bac75fc58ee722781a,2023-10-16
1aa057313c28fa4a40c5bc084b11d276,f1728a9a189d57bac75fc58ee722781a,2023-10-17
1aa057313c28fa4a40c5bc084b11d276,f1728a9a189d57bac75fc58ee722781a,2023-10-18
1aa057313c28fa4a40c5bc084b11d276,06076bf3c802444ebc7d5619ab64ceb6,2023-10-05
1aa057313c28fa4a40c5bc084b11d276,06076bf3c802444ebc7d5619ab64ceb6,2023-10-06
1aa057313c28fa4a40c5bc084b11d276,06076bf3c802444ebc7d5619ab64ceb6,2023-10-07
1aa057313c28fa4a40c5bc084b11d276,06076bf3c802444ebc7d5619ab64ceb6,2023-10-08
1aa057313c28fa4a40c5bc084b11d276,06076bf3c802444ebc7d5619ab64ceb6,2023-10-09
1aa057313c28fa4a40c5bc084b11d276,06076bf3c802444ebc7d5619ab64ceb6,2023-10-10
1aa057313c28fa4a40c5bc084b11d276,06076bf3c802444ebc7d5619ab64ceb6,2023-10-11
1aa057313c28fa4a40c5bc084b11d276,06076bf3c802444ebc7d5619ab64ceb6,2023-10-12
1aa057313c28fa4a40c5bc084b11d276,06076bf3c802444ebc7d5619ab64ceb6,2023-10-13
1aa057313c28fa4a40c5bc084b11d276,06076bf3c802444ebc7d5619ab64ceb6,2023-10-14
1aa057313c28fa4a40c5bc084b11d276,06076bf3c802444ebc7d5619ab64ceb6,2023-10-15
1aa057313c28fa4a40c5bc084b11d276,06076bf3c802444ebc7d5619ab64ceb6,2023-10-16
1aa057313c28fa4a40c5bc084b11d276,06076bf3c802444ebc7d5619ab64ceb6,2023-10-17
1aa057313c28fa4a40c5bc084b11d276,06076bf3c802444ebc7d5619ab64ceb6,2023-10-18
1aa057313c28fa4a40c5bc084b11d276,17667b08596154dc5e9417f410cbced3,2023-10-05
1aa057313c28fa4a40c5bc084b11d276,17667b08596154dc5e9417f410cbced3,2023-10-06
1aa057313c28fa4a40c5bc084b11d276,17667b08596154dc5e9417f410cbced3,2023-10-07
1aa057313c28fa4a40c5bc084b11d276,17667b08596154dc5e9417f410cbced3,2023-10-08
1aa057313c28fa4a40c5bc084b11d276,17667b08596154dc5e9417f410cbced3,2023-10-09
1aa057313c28fa4a40c5bc084b11d276,17667b08596154dc5e9417f410cbced3,2023-10-10
1aa057313c28fa4a40c5bc084b11d276,17667b08596154dc5e9417f410cbced3,2023-10-11
1aa057313c28fa4a40c5bc084b11d276,17667b08596154dc5e9417f410cbced3,2023-10-12
1aa057313c28fa4a40c5bc084b11d276,17667b08596154dc5e9417f410cbced3,2023-10-13
1aa057313c28fa4a40c5bc084b11d276,17667b08596154dc5e9417f410cbced3,2023-10-14
1aa057313c28fa4a40c5bc084b11d276,17667b08596154dc5e9417f410cbced3,2023-10-15
1aa057313c28fa4a40c5bc084b11d276,17667b08596154dc5e9417f410cbced3,2023-10-16
1aa057313c28fa4a40c5bc084b11d276,17667b08596154dc5e9417f410cbced3,2023-10-17
1aa057313c28fa4a40c5bc084b11d276,17667b08596154dc5e9417f410cbced3,2023-10-18
1aa057313c28fa4a40c5bc084b11d276,3f33017a9ce4fbff701facaeae7a7549,2023-10-05
1aa057313c28fa4a40c5bc084b11d276,3f33017a9ce4fbff701facaeae7a7549,2023-10-06
1aa057313c28fa4a40c5bc084b11d276,3f33017a9ce4fbff701facaeae7a7549,2023-10-07
1aa057313c28fa4a40c5bc084b11d276,3f33017a9ce4fbff701facaeae7a7549,2023-10-08
1aa057313c28fa4a40c5bc084b11d276,3f33017a9ce4fbff701facaeae7a7549,2023-10-09
1aa057313c28fa4a40c5bc084b11d276,3f33017a9ce4fbff701facaeae7a7549,2023-10-10
1aa057313c28fa4a40c5bc084b11d276,3f33017a9ce4fbff701facaeae7a7549,2023-10-11
1aa057313c28fa4a40c5bc084b11d276,3f33017a9ce4fbff701facaeae7a7549,2023-10-12
1aa057313c28fa4a40c5bc084b11d276,3f33017a9ce4fbff701facaeae7a7549,2023-10-13
1aa057313c28fa4a40c5bc084b11d276,3f33017a9ce4fbff701facaeae7a7549,2023-10-14
1aa057313c28fa4a40c5bc084b11d276,3f33017a9ce4fbff701facaeae7a7549,2023-10-15
1aa057313c28fa4a40c5bc084b11d276,3f33017a9ce4fbff701facaeae7a7549,2023-10-16
1aa057313c28fa4a40c5bc084b11d276,3f33017a9ce4fbff701facaeae7a7549,2023-10-17
1aa057313c28fa4a40c5bc084b11d276,3f33017a9ce4fbff701facaeae7a7549,2023-10-18
1aa057313c28fa4a40c5bc084b11d276,5fb6bfa7b7d9a415d5f95d3951e2a35d,2023-10-05
1aa057313c28fa4a40c5bc084b11d276,5fb6bfa7b7d9a415d5f95d3951e2a35d,2023-10-06
1aa057313c28fa4a40c5bc084b11d276,5fb6bfa7b7d9a415d5f95d3951e2a35d,2023-10-07
1aa057313c28fa4a40c5bc084b11d276,5fb6bfa7b7d9a415d5f95d3951e2a35d,2023-10-08
1aa057313c28fa4a40c5bc084b11d276,5fb6bfa7b7d9a415d5f95d3951e2a35d,2023-10-09
1aa057313c28fa4a40c5bc084b11d276,5fb6bfa7b7d9a415d5f95d3951e2a35d,2023-10-10
1aa057313c28fa4a40c5bc084b11d276,5fb6bfa7b7d9a415d5f95d3951e2a35d,2023-10-11
1aa057313c28fa4a40c5bc084b11d276,5fb6bfa7b7d9a415d5f95d3951e2a35d,2023-10-12
1aa057313c28fa4a40c5bc084b11d276,5fb6bfa7b7d9a415d5f95d3951e2a35d,2023-10-13
1aa057313c28fa4a40c5bc084b11d276,5fb6bfa7b7d9a415d5f95d3951e2a35d,2023-10-14
1aa057313c28fa4a40c5bc084b11d276,5fb6bfa7b7d9a415d5f95d3951e2a35d,2023-10-15
1aa057313c28fa4a40c5bc084b11d276,5fb6bfa7b7d9a415d5f95d3951e2a35d,2023-10-16
1aa057313c28fa4a40c5bc084b11d276,5fb6bfa7b7d9a415d5f95d3951e2a35d,2023-10-17
1aa057313c28fa4a40c5bc084b11d276,5fb6bfa7b7d9a415d5f95d3951e2a35d,2023-10-18
1aa057313c28fa4a40c5bc084b11d276,71fe24c214f9fe26ad0f2b02f03e3878,2023-10-05
1aa057313c28fa4a40c5bc084b11d276,71fe24c214f9fe26ad0f2b02f03e3878,2023-10-06
1aa057313c28fa4a40c5bc084b11d276,71fe24c214f9fe26ad0f2b02f03e3878,2023-10-07
1aa057313c28fa4a40c5bc084b11d276,71fe24c214f9fe26ad0f2b02f03e3878,2023-10-08
1aa057313c28fa4a40c5bc084b11d276,71fe24c214f9fe26ad0f2b02f03e3878,2023-10-09
1aa057313c28fa4a40c5bc084b11d276,71fe24c214f9fe26ad0f2b02f03e3878,2023-10-10
1aa057313c28fa4a40c5bc084b11d276,71fe24c214f9fe26ad0f2b02f03e3878,2023-10-11
1aa057313c28fa4a40c5bc084b11d276,71fe24c214f9fe26ad0f2b02f03e3878,2023-10-12
1aa057313c28fa4a40c5bc084b11d276,71fe24c214f9fe26ad0f2b02f03e3878,2023-10-13
1aa057313c28fa4a40c5bc084b11d276,71fe24c214f9fe26ad0f2b02f03e3878,2023-10-14
1aa057313c28fa4a40c5bc084b11d276,71fe24c214f9fe26ad0f2b02f03e3878,2023-10-15
1aa057313c28fa4a40c5bc084b11d276,71fe24c214f9fe26ad0f2b02f03e3878,2023-10-16
1aa057313c28fa4a40c5bc084b11d276,71fe24c214f9fe26ad0f2b02f03e3878,2023-10-17
1aa057313c28fa4a40c5bc084b11d276,71fe24c214f9fe26ad0f2b02f03e3878,2023-10-18
1aa057313c28fa4a40c5bc084b11d276,f26a7266746690b16a77b3073651d75d,2023-10-05
1aa057313c28fa4a40c5bc084b11d276,f26a7266746690b16a77b3073651d75d,2023-10-06
1aa057313c28fa4a40c5bc084b11d276,f26a7266746690b16a77b3073651d75d,2023-10-07
1aa057313c28fa4a40c5bc084b11d276,f26a7266746690b16a77b3073651d75d,2023-10-08
1aa057313c28fa4a40c5bc084b11d276,f26a7266746690b16a77b3073651d75d,2023-10-09
1aa057313c28fa4a40c5bc084b11d276,f26a7266746690b16a77b3073651d75d,2023-10-10
1aa057313c28fa4a40c5bc084b11d276,f26a7266746690b16a77b3073651d75d,2023-10-11
1aa057313c28fa4a40c5bc084b11d276,f26a7266746690b16a77b3073651d75d,2023-10-12
1aa057313c28fa4a40c5bc084b11d276,f26a7266746690b16a77b3073651d75d,2023-10-13
1aa057313c28fa4a40c5bc084b11d276,f26a7266746690b16a77b3073651d75d,2023-10-14
1aa057313c28fa4a40c5bc084b11d276,f26a7266746690b16a77b3073651d75d,2023-10-15
1aa057313c28fa4a40c5bc084b11d276,f26a7266746690b16a77b3073651d75d,2023-10-16
1aa057313c28fa4a40c5bc084b11d276,f26a7266746690b16a77b3073651d75d,2023-10-17
1aa057313c28fa4a40c5bc084b11d276,f26a7266746690b16a77b3073651d75d,2023-10-18
1aa057313c28fa4a40c5bc084b11d276,517b5edeb76505d48bb945abce481959,2023-10-05
1aa057313c28fa4a40c5bc084b11d276,517b5edeb76505d48bb945abce481959,2023-10-06
1aa057313c28fa4a40c5bc084b11d276,517b5edeb76505d48bb945abce481959,2023-10-07
1aa057313c28fa4a40c5bc084b11d276,517b5edeb76505d48bb945abce481959,2023-10-08
1aa057313c28fa4a40c5bc084b11d276,517b5edeb76505d48bb945abce481959,2023-10-09
1aa057313c28fa4a40c5bc084b11d276,517b5edeb76505d48bb945abce481959,2023-10-10
1aa057313c28fa4a40c5bc084b11d276,517b5edeb76505d48bb945abce481959,2023-10-11
1aa057313c28fa4a40c5bc084b11d276,517b5edeb76505d48bb945abce481959,2023-10-12
1aa057313c28fa4a40c5bc084b11d276,517b5edeb76505d48bb945abce481959,2023-10-13
1aa057313c28fa4a40c5bc084b11d276,517b5edeb76505d48bb945abce481959,2023-10-14
1aa057313c28fa4a40c5bc084b11d276,517b5edeb76505d48bb945abce481959,2023-10-15
1aa057313c28fa4a40c5bc084b11d276,517b5edeb76505d48bb945abce481959,2023-10-16
1aa057313c28fa4a40c5bc084b11d276,517b5edeb76505d48bb945abce481959,2023-10-17
1aa057313c28fa4a40c5bc084b11d276,517b5edeb76505d48bb945abce481959,2023-10-18
1aa057313c28fa4a40c5bc084b11d276,cbbda0778454f639ae7182a4ec209142,2023-10-05
1aa057313c28fa4a40c5bc084b11d276,cbbda0778454f639ae7182a4ec209142,2023-10-06
1aa057313c28fa4a40c5bc084b11d276,cbbda0778454f639ae7182a4ec209142,2023-10-07
1aa057313c28fa4a40c5bc084b11d276,cbbda0778454f639ae7182a4ec209142,2023-10-08
1aa057313c28fa4a40c5bc084b11d276,cbbda0778454f639ae7182a4ec209142,2023-10-09
1aa057313c28fa4a40c5bc084b11d276,cbbda0778454f639ae7182a4ec209142,2023-10-10
1aa057313c28fa4a40c5bc084b11d276,cbbda0778454f639ae7182a4ec209142,2023-10-11
1aa057313c28fa4a40c5bc084b11d276,cbbda0778454f639ae7182a4ec209142,2023-10-12
1aa057313c28fa4a40c5bc084b11d276,cbbda0778454f639ae7182a4ec209142,2023-10-13
1aa057313c28fa4a40c5bc084b11d276,cbbda0778454f639ae7182a4ec209142,2023-10-14
1aa057313c28fa4a40c5bc084b11d276,cbbda0778454f639ae7182a4ec209142,2023-10-15
1aa057313c28fa4a40c5bc084b11d276,cbbda0778454f639ae7182a4ec209142,2023-10-16
1aa057313c28fa4a40c5bc084b11d276,cbbda0778454f639ae7182a4ec209142,2023-10-17
1aa057313c28fa4a40c5bc084b11d276,cbbda0778454f639ae7182a4ec209142,2023-10-18
1aa057313c28fa4a40c5bc084b11d276,8eb71e36921c0fee5b3ba541bd2fe80e,2023-10-05
1aa057313c28fa4a40c5bc084b11d276,8eb71e36921c0fee5b3ba541bd2fe80e,2023-10-06
1aa057313c28fa4a40c5bc084b11d276,8eb71e36921c0fee5b3ba541bd2fe80e,2023-10-07
1aa057313c28fa4a40c5bc084b11d276,8eb71e36921c0fee5b3ba541bd2fe80e,2023-10-08
1aa057313c28fa4a40c5bc084b11d276,8eb71e36921c0fee5b3ba541bd2fe80e,2023-10-09
1aa057313c28fa4a40c5bc084b11d276,8eb71e36921c0fee5b3ba541bd2fe80e,2023-10-10
1aa057313c28fa4a40c5bc084b11d276,8eb71e36921c0fee5b3ba541bd2fe80e,2023-10-11
1aa057313c28fa4a40c5bc084b11d276,8eb71e36921c0fee5b3ba541bd2fe80e,2023-10-12
1aa057313c28fa4a40c5bc084b11d276,8eb71e36921c0fee5b3ba541bd2fe80e,2023-10-13
1aa057313c28fa4a40c5bc084b11d276,8eb71e36921c0fee5b3ba541bd2fe80e,2023-10-14
1aa057313c28fa4a40c5bc084b11d276,8eb71e36921c0fee5b3ba541bd2fe80e,2023-10-15
1aa057313c28fa4a40c5bc084b11d276,8eb71e36921c0fee5b3ba541bd2fe80e,2023-10-16
1aa057313c28fa4a40c5bc084b11d276,8eb71e36921c0fee5b3ba541bd2fe80e,2023-10-17
1aa057313c28fa4a40c5bc084b11d276,8eb71e36921c0fee5b3ba541bd2fe80e,2023-10-18
1aa057313c28fa4a40c5bc084b11d276,877996cf018bb84247377fc00ac9ec5d,2023-10-05
1aa057313c28fa4a40c5bc084b11d276,877996cf018bb84247377fc00ac9ec5d,2023-10-06
1aa057313c28fa4a40c5bc084b11d276,877996cf018bb84247377fc00ac9ec5d,2023-10-07
1aa057313c28fa4a40c5bc084b11d276,877996cf018bb84247377fc00ac9ec5d,2023-10-08
1aa057313c28fa4a40c5bc084b11d276,877996cf018bb84247377fc00ac9ec5d,2023-10-09
1aa057313c28fa4a40c5bc084b11d276,877996cf018bb84247377fc00ac9ec5d,2023-10-10
1aa057313c28fa4a40c5bc084b11d276,877996cf018bb84247377fc00ac9ec5d,2023-10-11
1aa057313c28fa4a40c5bc084b11d276,877996cf018bb84247377fc00ac9ec5d,2023-10-12
1aa057313c28fa4a40c5bc084b11d276,877996cf018bb84247377fc00ac9ec5d,2023-10-13
1aa057313c28fa4a40c5bc084b11d276,877996cf018bb84247377fc00ac9ec5d,2023-10-14
1aa057313c28fa4a40c5bc084b11d276,877996cf018bb84247377fc00ac9ec5d,2023-10-15
1aa057313c28fa4a40c5bc084b11d276,877996cf018bb84247377fc00ac9ec5d,2023-10-16
1aa057313c28fa4a40c5bc084b11d276,877996cf018bb84247377fc00ac9ec5d,2023-10-17
1aa057313c28fa4a40c5bc084b11d276,877996cf018bb84247377fc00ac9ec5d,2023-10-18
1aa057313c28fa4a40c5bc084b11d276,bf7667b035093212fd58f5fdd0975069,2023-10-05
1aa057313c28fa4a40c5bc084b11d276,bf7667b035093212fd58f5fdd0975069,2023-10-06
1aa057313c28fa4a40c5bc084b11d276,bf7667b035093212fd58f5fdd0975069,2023-10-07
1aa057313c28fa4a40c5bc084b11d276,bf7667b035093212fd58f5fdd0975069,2023-10-08
1aa057313c28fa4a40c5bc084b11d276,bf7667b035093212fd58f5fdd0975069,2023-10-09
1aa057313c28fa4a40c5bc084b11d276,bf7667b035093212fd58f5fdd0975069,2023-10-10
1aa057313c28fa4a40c5bc084b11d276,bf7667b035093212fd58f5fdd0975069,2023-10-11
1aa057313c28fa4a40c5bc084b11d276,bf7667b035093212fd58f5fdd0975069,2023-10-12
1aa057313c28fa4a40c5bc084b11d276,bf7667b035093212fd58f5fdd0975069,2023-10-13
1aa057313c28fa4a40c5bc084b11d276,bf7667b035093212fd58f5fdd0975069,2023-10-14
1aa057313c28fa4a40c5bc084b11d276,bf7667b035093212fd58f5fdd0975069,2023-10-15
1aa057313c28fa4a40c5bc084b11d276,bf7667b035093212fd58f5fdd0975069,2023-10-16
1aa057313c28fa4a40c5bc084b11d276,bf7667b035093212fd58f5fdd0975069,2023-10-17
1aa057313c28fa4a40c5bc084b11d276,bf7667b035093212fd58f5fdd0975069,2023-10-18
1aa057313c28fa4a40c5bc084b11d276,0a68dd43c227b0e66d52665d6c3ca8ba,2023-10-05
1aa057313c28fa4a40c5bc084b11d276,0a68dd43c227b0e66d52665d6c3ca8ba,2023-10-06
1aa057313c28fa4a40c5bc084b11d276,0a68dd43c227b0e66d52665d6c3ca8ba,2023-10-07
1aa057313c28fa4a40c5bc084b11d276,0a68dd43c227b0e66d52665d6c3ca8ba,2023-10-08
1aa057313c28fa4a40c5bc084b11d276,0a68dd43c227b0e66d52665d6c3ca8ba,2023-10-09
1aa057313c28fa4a40c5bc084b11d276,0a68dd43c227b0e66d52665d6c3ca8ba,2023-10-10
1aa057313c28fa4a40c5bc084b11d276,0a68dd43c227b0e66d52665d6c3ca8ba,2023-10-11
1aa057313c28fa4a40c5bc084b11d276,0a68dd43c227b0e66d52665d6c3ca8ba,2023-10-12
1aa057313c28fa4a40c5bc084b11d276,0a68dd43c227b0e66d52665d6c3ca8ba,2023-10-13
1aa057313c28fa4a40c5bc084b11d276,0a68dd43c227b0e66d52665d6c3ca8ba,2023-10-14
1aa057313c28fa4a40c5bc084b11d276,0a68dd43c227b0e66d52665d6c3ca8ba,2023-10-15
1aa057313c28fa4a40c5bc084b11d276,0a68dd43c227b0e66d52665d6c3ca8ba,2023-10-16
1aa057313c28fa4a40c5bc084b11d276,0a68dd43c227b0e66d52665d6c3ca8ba,2023-10-17
1aa057313c28fa4a40c5bc084b11d276,0a68dd43c227b0e66d52665d6c3ca8ba,2023-10-18
1aa057313c28fa4a40c5bc084b11d276,5d560ea997068115892d2f0bd7cf91c3,2023-10-05
1aa057313c28fa4a40c5bc084b11d276,5d560ea997068115892d2f0bd7cf91c3,2023-10-06
1aa057313c28fa4a40c5bc084b11d276,5d560ea997068115892d2f0bd7cf91c3,2023-10-07
1aa057313c28fa4a40c5bc084b11d276,5d560ea997068115892d2f0bd7cf91c3,2023-10-08
1aa057313c28fa4a40c5bc084b11d276,5d560ea997068115892d2f0bd7cf91c3,2023-10-09
1aa057313c28fa4a40c5bc084b11d276,5d560ea997068115892d2f0bd7cf91c3,2023-10-10
1aa057313c28fa4a40c5bc084b11d276,5d560ea997068115892d2f0bd7cf91c3,2023-10-11
1aa057313c28fa4a40c5bc084b11d276,5d560ea997068115892d2f0bd7cf91c3,2023-10-12
1aa057313c28fa4a40c5bc084b11d276,5d560ea997068115892d2f0bd7cf91c3,2023-10-13
1aa057313c28fa4a40c5bc084b11d276,5d560ea997068115892d2f0bd7cf91c3,2023-10-14
1aa057313c28fa4a40c5bc084b11d276,5d560ea997068115892d2f0bd7cf91c3,2023-10-15
1aa057313c28fa4a40c5bc084b11d276,5d560ea997068115892d2f0bd7cf91c3,2023-10-16
1aa057313c28fa4a40c5bc084b11d276,5d560ea997068115892d2f0bd7cf91c3,2023-10-17
1aa057313c28fa4a40c5bc084b11d276,5d560ea997068115892d2f0bd7cf91c3,2023-10-18
